id,topic
1,Business
2,Sports
3,Business
4,Business
5,Business
6,World
7,Business
8,Sci/Tech
9,Sports
10,World
11,Sports
12,Sci/Tech
13,World
14,Business
15,Sports
16,World
17,World
18,Business
19,Sci/Tech
20,Business
21,Sports
22,Business
23,World
24,Business
25,Sports
26,Sci/Tech
27,Sci/Tech
28,World
29,World
30,Sports
31,World
32,Sports
33,Business
34,Sci/Tech
35,Business
36,Sports
37,Sci/Tech
38,Business
39,Business
40,Sports
41,Sports
42,World
43,Sports
44,Business
45,World
46,Sports
47,Business
48,Sports
49,Sports
50,Sci/Tech
51,Sci/Tech
52,World
53,World
54,Sports
55,Sports
56,Sports
57,Sci/Tech
58,Business
59,Sports
60,Business
61,Business
62,World
63,Sci/Tech
64,Sci/Tech
65,World
66,Sports
67,Business
68,World
69,World
70,Sports
71,Business
72,World
73,World
74,Sports
75,World
76,Sci/Tech
77,Business
78,Business
79,World
80,Sci/Tech
81,Business
82,World
83,World
84,Business
85,Sci/Tech
86,Sci/Tech
87,Business
88,Business
89,World
90,Sci/Tech
91,World
92,Sci/Tech
93,Business
94,Sports
95,Business
96,Sci/Tech
97,Sci/Tech
98,Sports
99,World
100,Sci/Tech
101,Sci/Tech
102,Sports
103,Business
104,Sci/Tech
105,Sci/Tech
106,Sci/Tech
107,Sports
108,Business
109,World
110,Sports
111,Business
112,Sci/Tech
113,World
114,Business
115,World
116,Sports
117,Business
118,Business
119,World
120,World
121,Sports
122,Sports
123,Sports
124,Sports
125,World
126,Business
127,World
128,Business
129,World
130,Sci/Tech
131,Business
132,Sci/Tech
133,Business
134,World
135,Sports
136,Sports
137,World
138,World
139,World
140,Sci/Tech
141,Business
142,Sports
143,Business
144,Sci/Tech
145,Sports
146,Business
147,Sci/Tech
148,Business
149,Sports
150,World
151,Business
152,World
153,World
154,World
155,Sports
156,Sports
157,Sci/Tech
158,Business
159,Sports
160,World
161,World
162,Sci/Tech
163,World
164,Business
165,Sports
166,Business
167,Business
168,Sports
169,Business
170,Business
171,Sci/Tech
172,Sports
173,World
174,Sports
175,Business
176,World
177,Sports
178,Sports
179,Business
180,Sci/Tech
181,Sports
182,Sci/Tech
183,World
184,World
185,Business
186,World
187,Sci/Tech
188,Sports
189,Sports
190,Business
191,World
192,Sci/Tech
193,Sports
194,Business
195,Sci/Tech
196,Sports
197,Sci/Tech
198,Sports
199,Sci/Tech
200,Business
201,World
202,Sci/Tech
203,Sports
204,Sci/Tech
205,Sports
206,Business
207,Sci/Tech
208,Sci/Tech
209,Sports
210,Sci/Tech
211,Sports
212,World
213,Sci/Tech
214,Sports
215,Sci/Tech
216,Business
217,Sci/Tech
218,World
219,Sci/Tech
220,World
221,World
222,Business
223,World
224,Business
225,Sci/Tech
226,World
227,World
228,World
229,Business
230,World
231,Sports
232,Sci/Tech
233,Sci/Tech
234,Sci/Tech
235,World
236,Business
237,Sports
238,Sci/Tech
239,Sports
240,World
241,Business
242,World
243,Sci/Tech
244,Business
245,Sci/Tech
246,World
247,Business
248,Sports
249,World
250,Business
251,Sci/Tech
252,Sci/Tech
253,Sci/Tech
254,Business
255,Sci/Tech
256,Sci/Tech
257,Sci/Tech
258,Sports
259,Sports
260,Sci/Tech
261,Sci/Tech
262,Business
263,Sci/Tech
264,Sports
265,Sports
266,Sports
267,Sports
268,World
269,Business
270,Business
271,Sci/Tech
272,Sports
273,Sports
274,World
275,Sports
276,Sci/Tech
277,Business
278,Business
279,World
280,World
281,Business
282,Sci/Tech
283,World
284,Sci/Tech
285,World
286,Sci/Tech
287,Sci/Tech
288,Sports
289,Business
290,Sports
291,Sci/Tech
292,Business
293,Business
294,Sports
295,World
296,Sports
297,Sports
298,Business
299,Sports
300,Sci/Tech
301,Sports
302,World
303,Business
304,Business
305,Sports
306,Business
307,Sports
308,Sports
309,Business
310,Sports
311,World
312,Sports
313,Business
314,Sports
315,World
316,Business
317,World
318,Sports
319,Sports
320,Business
321,Sci/Tech
322,Business
323,World
324,Business
325,Sports
326,World
327,World
328,Sci/Tech
329,Business
330,Business
331,Sci/Tech
332,Sports
333,World
334,World
335,World
336,Sci/Tech
337,Sports
338,Sports
339,Sports
340,Business
341,Business
342,World
343,Sci/Tech
344,Business
345,Sports
346,Business
347,Sci/Tech
348,Sci/Tech
349,Business
350,Business
351,Sports
352,Sports
353,World
354,Business
355,Business
356,Sci/Tech
357,World
358,Sci/Tech
359,World
360,World
361,Sci/Tech
362,World
363,Business
364,Sci/Tech
365,Sports
366,World
367,Business
368,Business
369,Business
370,World
371,Business
372,World
373,World
374,Business
375,Sci/Tech
376,World
377,Sports
378,Business
379,Business
380,Business
381,Sports
382,Sci/Tech
383,World
384,Sports
385,Sports
386,World
387,Sci/Tech
388,World
389,Sports
390,Sci/Tech
391,Sports
392,World
393,Sci/Tech
394,Sports
395,Sports
396,Sports
397,Sports
398,World
399,Business
400,Sports
401,World
402,World
403,World
404,Sci/Tech
405,Sports
406,Sports
407,Business
408,Sci/Tech
409,Sports
410,World
411,Business
412,World
413,World
414,Business
415,Business
416,Sci/Tech
417,Sci/Tech
418,Business
419,Business
420,Sci/Tech
421,Sports
422,World
423,Sports
424,Sci/Tech
425,Business
426,Sci/Tech
427,Sci/Tech
428,Sci/Tech
429,World
430,Sci/Tech
431,World
432,Sports
433,Business
434,Sci/Tech
435,World
436,Business
437,Sports
438,World
439,Business
440,Sci/Tech
441,World
442,Sports
443,Sci/Tech
444,Sports
445,Sci/Tech
446,Business
447,Sci/Tech
448,Sci/Tech
449,Sports
450,World
451,Sci/Tech
452,Business
453,Sci/Tech
454,World
455,Sci/Tech
456,Business
457,World
458,Business
459,Sports
460,Sports
461,Business
462,World
463,Sports
464,Business
465,Business
466,Sci/Tech
467,Sci/Tech
468,Sci/Tech
469,World
470,Sci/Tech
471,Business
472,Sci/Tech
473,Sports
474,Business
475,Business
476,Business
477,World
478,World
479,Sports
480,Business
481,World
482,World
483,Sci/Tech
484,Sports
485,Business
486,Sports
487,World
488,World
489,Sports
490,Sports
491,Sports
492,Business
493,Business
494,Sci/Tech
495,Business
496,Business
497,Business
498,Business
499,Sci/Tech
500,Sci/Tech
501,Sports
502,World
503,World
504,Business
505,Business
506,Sci/Tech
507,World
508,World
509,Sports
510,World
511,Business
512,Sports
513,Sports
514,Sports
515,World
516,World
517,World
518,Sci/Tech
519,Sci/Tech
520,World
521,World
522,Business
523,Sports
524,Sci/Tech
525,Sports
526,Sports
527,Sports
528,Sports
529,Business
530,Business
531,Business
532,Sports
533,Business
534,Sci/Tech
535,Sci/Tech
536,World
537,Sports
538,Sci/Tech
539,Sci/Tech
540,Business
541,Sci/Tech
542,Sci/Tech
543,Sci/Tech
544,Sci/Tech
545,Business
546,Business
547,Sports
548,Business
549,World
550,Business
551,Sci/Tech
552,Sports
553,World
554,Business
555,Sports
556,Sci/Tech
557,World
558,Sci/Tech
559,Sci/Tech
560,World
561,Business
562,Sci/Tech
563,Sports
564,Business
565,Business
566,Sci/Tech
567,Sci/Tech
568,Sci/Tech
569,World
570,Business
571,Business
572,Sci/Tech
573,Business
574,World
575,Sports
576,World
577,Business
578,World
579,Sports
580,Business
581,Sci/Tech
582,Sci/Tech
583,Business
584,Sci/Tech
585,World
586,World
587,Sports
588,World
589,Sci/Tech
590,Business
591,World
592,World
593,Sports
594,World
595,Sci/Tech
596,Sci/Tech
597,Sci/Tech
598,Sci/Tech
599,Business
600,Sci/Tech
601,Business
602,World
603,Business
604,World
605,Sports
606,Business
607,Business
608,World
609,Sci/Tech
610,Business
611,Sci/Tech
612,Business
613,Business
614,Business
615,Business
616,World
617,Sports
618,World
619,Business
620,Business
621,Business
622,Sports
623,World
624,Sports
625,Sports
626,Sports
627,Business
628,World
629,Sports
630,Sci/Tech
631,Sports
632,Sci/Tech
633,Sci/Tech
634,Business
635,Sports
636,Sports
637,Business
638,Business
639,Sports
640,World
641,Business
642,Sports
643,Sports
644,World
645,Sci/Tech
646,Business
647,Business
648,Sports
649,Sci/Tech
650,Business
651,Business
652,Sports
653,World
654,Sci/Tech
655,Sports
656,Business
657,Sports
658,Sports
659,World
660,Sci/Tech
661,Business
662,Business
663,Sci/Tech
664,World
665,Sci/Tech
666,Sports
667,Sports
668,Business
669,Business
670,Sci/Tech
671,World
672,Sports
673,Sci/Tech
674,Business
675,Sports
676,World
677,Business
678,Sports
679,Sports
680,World
681,Sports
682,World
683,Sports
684,Business
685,Sci/Tech
686,World
687,Sci/Tech
688,Sci/Tech
689,Sci/Tech
690,Business
691,Sports
692,Business
693,World
694,Sports
695,World
696,Sci/Tech
697,World
698,Sports
699,World
700,Sports
701,Sci/Tech
702,World
703,Sci/Tech
704,Sports
705,Sci/Tech
706,Business
707,World
708,Business
709,Business
710,Business
711,Business
712,Sci/Tech
713,World
714,World
715,Business
716,World
717,Sci/Tech
718,Sci/Tech
719,World
720,Sports
721,Sports
722,Sci/Tech
723,Business
724,Business
725,Sci/Tech
726,Sports
727,Sports
728,Business
729,World
730,Sci/Tech
731,World
732,Sports
733,Sports
734,Sci/Tech
735,World
736,Business
737,Sports
738,Sports
739,Sci/Tech
740,Sci/Tech
741,World
742,Sci/Tech
743,Sci/Tech
744,Sci/Tech
745,Sports
746,Business
747,Sci/Tech
748,Business
749,World
750,Business
751,World
752,Sports
753,Sports
754,Sci/Tech
755,Sports
756,Business
757,Sci/Tech
758,Business
759,Sports
760,World
761,Business
762,Sports
763,World
764,Business
765,Sports
766,Sci/Tech
767,Sci/Tech
768,World
769,Business
770,Business
771,Business
772,Business
773,Business
774,Sports
775,Business
776,Business
777,Sports
778,Sci/Tech
779,Business
780,World
781,Sports
782,Business
783,World
784,World
785,Sci/Tech
786,Sports
787,World
788,Sports
789,Sports
790,Sports
791,World
792,Business
793,Sports
794,World
795,World
796,World
797,Business
798,Sports
799,World
800,Sci/Tech
801,Business
802,Business
803,Sports
804,World
805,Sports
806,Sports
807,World
808,Sci/Tech
809,Sports
810,World
811,World
812,World
813,Sports
814,Sports
815,Business
816,Business
817,Sports
818,Business
819,Sci/Tech
820,Business
821,World
822,Business
823,World
824,Sports
825,World
826,Business
827,World
828,World
829,Sports
830,Business
831,Sports
832,World
833,Business
834,Sports
835,World
836,Sci/Tech
837,Business
838,Business
839,World
840,Sci/Tech
841,Sci/Tech
842,Sci/Tech
843,World
844,Business
845,Sports
846,World
847,Sports
848,World
849,Business
850,Sports
851,Business
852,Business
853,Sci/Tech
854,World
855,Business
856,World
857,Business
858,Sci/Tech
859,Business
860,World
861,Sports
862,Business
863,Sci/Tech
864,Sci/Tech
865,Business
866,Sports
867,Sci/Tech
868,Business
869,World
870,Business
871,World
872,Business
873,Sci/Tech
874,World
875,World
876,Sports
877,Sports
878,Business
879,Sci/Tech
880,Sports
881,Sports
882,Sports
883,Sci/Tech
884,Sports
885,Sports
886,World
887,World
888,Sci/Tech
889,Sci/Tech
890,Sports
891,World
892,World
893,Sports
894,Sports
895,Business
896,Sports
897,Sci/Tech
898,Sports
899,World
900,World
901,Business
902,Sci/Tech
903,Business
904,Sci/Tech
905,World
906,Sci/Tech
907,Sports
908,Sci/Tech
909,World
910,World
911,Sci/Tech
912,Sports
913,World
914,World
915,Sci/Tech
916,Sports
917,Business
918,Sports
919,Business
920,Sports
921,Sci/Tech
922,Sports
923,Sci/Tech
924,Sports
925,Sports
926,Sci/Tech
927,World
928,Sci/Tech
929,Sci/Tech
930,Sci/Tech
931,Sports
932,Business
933,Sports
934,Business
935,Sci/Tech
936,World
937,Sports
938,Business
939,Business
940,Sports
941,Business
942,Business
943,World
944,Business
945,World
946,World
947,Business
948,World
949,Sports
950,Sports
951,Sports
952,World
953,World
954,Sports
955,Sci/Tech
956,Sci/Tech
957,Business
958,Sci/Tech
959,World
960,Sports
961,Sci/Tech
962,World
963,Sports
964,Sports
965,World
966,Sci/Tech
967,World
968,Sports
969,World
970,Sports
971,Business
972,World
973,World
974,Sci/Tech
975,Business
976,Business
977,World
978,Business
979,Sci/Tech
980,World
981,World
982,Sports
983,Sci/Tech
984,Sports
985,Sports
986,World
987,Sci/Tech
988,Sci/Tech
989,Sports
990,Business
991,World
992,Sci/Tech
993,Sports
994,Sports
995,World
996,World
997,Sports
998,Business
999,Business
1000,Sports