      "a little better than sorcerer 's stone .",
      "looking for a return ticket to realism",
      "the shameless self-caricature of ` analyze this ' ( 1999 ) and",
      "director paul cox 's unorthodox , abstract approach to visualizing nijinsky 's diaries is both stimulating and demanding .",
      "stevens ' vibrant creative instincts",
      "inventiveness",
      "it was only made for teenage boys and wrestling fans",
      "intriguing and honorable",
      ", thoroughly winning flight of revisionist fancy .",
      "boasting some of the most poorly staged and lit action in memory , impostor is as close as you can get to an imitation movie .",
      "and more entertaining , too .",
      "not enough puff",
      "i spied with my little eye ... a mediocre collection of cookie-cutter action scenes and occasionally inspired dialogue bits",
      "disappoints",
      "namely , an archetypal desire to enjoy good trash every now and then .",
      "nothing but an episode of smackdown",
      "something hip and transgressive",
      "entertainment adults can see without feeling embarrassed",
      "are infectious",
      "keeps this pretty watchable , and",
      "feels as immediate as the latest news footage from gaza and , because of its heightened , well-shaped dramas , twice as powerful .",
      "scant place for the viewer",
      "is visually ravishing , penetrating , impenetrable",
      "absolute joy",
      "fans of sandler 's comic taste may find it uninteresting",
      "feels like three hours",
      "a pretty good team",
      "fifth beer-soaked film",
      "genial is the conceit , this is one of those rare pictures that you root for throughout ,",
      "an affected malaise",
      "has created a beautiful canvas",
      "we do n't get paid enough to sit through crap like this .",
      "has something serious to say about the ways in which extravagant chance can distort our perspective and throw us off the path of good sense .",
      "will leave you with a smile on your face and a grumble in your stomach .",
      "has all the values of a straight-to-video movie",
      "to make the formula feel fresh",
      "hackneyed story",
      "to make up for the ones that do n't come off",
      "saddled with an unwieldy cast of characters and angles , but the payoff is powerful and revelatory",
      "play out realistically if not always fairly .",
      "winning shot",
      "incredibly layered and stylistic film",
      "laugh-a-minute crowd pleaser",
      "sometimes improbable story",
      "ruined by amateurish writing and acting ,",
      "witty dialogue and inventive moments",
      "loves",
      "deserves an oscar nomination .",
      "about movie love",
      "has merit and",
      "'ve seen the hippie-turned-yuppie plot before",
      "the disadvantage of also looking cheap",
      "friendly kick",
      "undisciplined",
      ", vicious and absurd",
      "a generic bloodbath",
      "gently comic even as the film breaks your heart",
      "past his prime",
      "is the stuff that disney movies are made of .",
      "leave the theater",
      "skip this dreck ,",
      ", the film retains ambiguities that make it well worth watching .",
      "watch , giggle and get an adrenaline boost without feeling like you 've completely lowered your entertainment standards",
      "no art",
      "without any of its sense of fun or energy",
      "it 's the type of film about growing up that we do n't see often enough these days : realistic , urgent , and not",
      "go down with a ship as leaky",
      "affable if not timeless , like mike raises some worthwhile themes while delivering a wholesome fantasy for kids .",
      "often very funny",
      "every visual joke is milked , every set-up obvious and lengthy , every punchline predictable .",
      "the film 's needlessly opaque intro",
      "works as pretty contagious fun .",
      "so poorly plotted and scripted .",
      "will just as likely make you weep",
      "with humor , warmth , and intelligence",
      "makes it all the more compelling .",
      "little action , almost no suspense or believable tension , one-dimensional characters up",
      "in gross romanticization of the delusional personality type",
      "of better films",
      "ignore the reputation , and ignore the film .",
      "nothing original in the way of slapstick sequences",
      "geriatric dirty harry",
      "than this mess",
      "tackled a meaty subject and",
      "a slow death",
      "among the chief reasons brown sugar is such a sweet and sexy film",
      "who are trying to make their way through this tragedy",
      "seems based on ugly ideas instead of ugly behavior , as happiness was ...",
      "adorable italian guys",
      "even witty",
      "the performances are often engaging",
      "a delightful , if minor , pastry",
      "glows with enthusiasm , sensuality and a conniving wit .",
      "hero performances",
      "the pacing is often way off",
      "i 'm convinced i could keep a family of five blind , crippled , amish people alive in this situation better than these british soldiers do at keeping themselves kicking .",
      "cult film",
      "remains utterly satisfied to remain the same throughout",
      "approaches his difficult , endless work with remarkable serenity and discipline .",
      "a peculiar malaise",
      "gaping plot holes sink this ` sub '",
      "all the more poignant by the incessant use of cell phones",
      "pointless extremes",
      "there are laughs aplenty , and , as a bonus ,",
      "imaginative",
      "for pretentious arts majors",
      "a bottom-feeder sequel in the escape from new york series",
      "this is a heartfelt story ... it just is n't a very involving one .",
      "wallowing in its characters ' frustrations",
      "( vainly , i think )",
      "fascinating , dark thriller",
      "rich and full",
      "virtually no understanding",
      "engaging and exciting narrative",
      "a simplistic narrative and",
      "a watch that makes time go faster rather than",
      "a non-britney person might survive a screening with little harm done , except maybe for the last 15 minutes , which are as maudlin as any after-school special you can imagine .",
      "a good music documentary",
      "it 's lost the politics and the social observation and become just another situation romance about a couple of saps stuck in an inarticulate screenplay .",
      "manages never to grow boring ... which proves that rohmer still has a sense of his audience .",
      "bad movie .",
      "the script has less spice than a rat burger and",
      "the new film is a lame kiddie flick",
      "made to be jaglomized is the cannes film festival , the annual riviera spree of flesh , buzz , blab and money .",
      "the expressive power",
      "empathy and pity fogging up the screen ...",
      "deemed important enough to make a film in which someone has to be hired to portray richard dawson",
      "the filmmaker 's extraordinary access to massoud , whose charm , cultivation and devotion to his people are readily apparent",
      "rejigger fatal attraction into a high school setting",
      "to avoid",
      "with little logic or continuity",
      "satisfyingly scarifying , fresh and old-fashioned at the same time .",
      "of the plot ( other than its one good idea ) and the movie 's inescapable air of sleaziness",
      "show-stoppingly hilarious , but",
      "achieves a level of connection and concern",
      "many pleasures",
      "the bottom tier of blaxploitation flicks",
      "have to put up with 146 minutes of it",
      "that portrays the frank humanity of ... emotional recovery",
      "the four feathers is definitely horse feathers",
      "that sends you out of the theater feeling",
      "accurately",
      "of martin scorsese 's taxi driver and goodfellas",
      "visuals and enveloping sounds",
      "add up to a biting satire that has no teeth",
      "a pretentious and",
      "worthy idea",
      "loose , unaccountable",
      "pokes fun at the same easy targets as other rowdy raunch-fests -- farts , boobs , unmentionables -- without much success .",
      "a skillfully assembled , highly polished and professional adaptation",
      "riveting performances",
      "i 'll settle for a nice cool glass of iced tea and a jerry bruckheimer flick any day of the week",
      "shot on ugly digital video",
      "lustrous polished",
      "an entertaining mix of period drama and flat-out farce that should please history fans",
      "the characters seem one-dimensional",
      "a badly edited , 91-minute trailer ( and )",
      "deep down , i realized the harsh reality of my situation : i would leave the theater with a lower i.q. than when i had entered .",
      "proves that a nightmare is a wish a studio 's wallet makes .",
      "pushing the jokes at the expense of character until things fall apart",
      "poor fit",
      "a historic scandal",
      "exhilarating , funny and fun .",
      "most audacious , outrageous ,",
      "grant is n't cary and bullock is n't katherine .",
      "another best of the year selection .",
      "thrill you , touch you",
      "one of the smartest",
      "overrun by corrupt and hedonistic weasels",
      "but filmmaker yvan attal quickly writes himself into a corner",
      "fewer deliberate laughs , more inadvertent ones and stunningly trite",
      "follow the same blueprint from hundreds of other films , sell it to the highest bidder and walk away without anyone truly knowing your identity",
      "confusion and",
      "no charm",
      "of those underrated professionals who deserve but rarely receive it",
      "awesome",
      "atrocities",
      "seeking an existent anti-virus",
      "halfway through this picture i was beginning to hate it , and ,",
      "what 's most offensive",
      "wry humor",
      "a first-class road movie that proves you can run away from home , but your ego",
      "the numerous scenes",
      "this goofily endearing and well-lensed gorefest",
      "its use of the thriller form to examine the labyrinthine ways in which people 's lives cross and change , buffeted by events seemingly out of their control ,",
      "proves that he can cross swords with the best of them and helm a more traditionally plotted popcorn thriller while surrendering little of his intellectual rigor or creative composure .",
      "unlike so many other hollywood movies of its ilk , it offers hope",
      "feel like a short stretched out to feature length",
      "ice age wo n't drop your jaw",
      "carnage and",
      "positive impression",
      "drowsy",
      "convincing",
      "touched by an unprecedented tragedy",
      "by far the worst movie of the year",
      "no reason to watch",
      "work and 2002 's first great film",
      "bundling the flowers of perversity , comedy and romance into a strangely tempting bouquet of a movie",
      "costner 's warm-milk persona is just as ill-fitting as shadyac 's perfunctory directing chops , and",
      "are lukewarm and quick to pass .",
      "see this piece of crap again",
      "of ` ethnic cleansing",
      "is at once intimate and universal cinema",
      "as a dentist 's waiting room",
      "steers clear of the sensational and",
      "i encourage young and old alike to go see this unique and entertaining twist on the classic whale 's tale --",
      "that tells a sweet , charming tale of intergalactic friendship",
      "have poignancy jostling against farce , thoughtful dialogue elbowed aside by one-liners , and a visual style that incorporates rotoscope animation for no apparent reason except , maybe , that it looks neat .",
      "bother if you 're going to subjugate truth to the tear-jerking demands of soap opera",
      "that , in their own idiosyncratic way , sum up the strange horror of life in the new millennium",
      "to shine through the gloomy film noir veil",
      "nicolas cage is n't the first actor to lead a group of talented friends astray , and this movie wo n't create a ruffle in what is already an erratic career .",
      "can be distinguished from a mediocre one by the better film 's ability to make its subject interesting to those who are n't part of its supposed target audience .",
      "'s too interested in jerking off in all its byzantine incarnations to bother pleasuring its audience .",
      "page-turning",
      "is conversational bordering on confessional",
      "was , as my friend david cross would call it , ` hungry-man portions of bad '",
      "you should see this movie",
      "is how so many talented people were convinced to waste their time",
      "the under-7 crowd",
      "gentle , lapping rhythms",
      "a movie , a vampire soap opera that does n't make much",
      "a return ticket",
      "this slender plot feels especially thin stretched over the nearly 80-minute running time .",
      "nothing left to work with , sort of like michael jackson 's nose",
      "of a physician who needs to heal himself",
      "a beautiful film to watch",
      "starts out like heathers , then becomes bring it on , then becomes unwatchable",
      "if the laborious pacing and endless exposition had been tightened",
      "nothing more than the latest schwarzenegger or stallone",
      "salvation and good intentions",
      "is an oddly fascinating depiction of an architect of pop culture",
      "a thriller without thrills and a mystery devoid",
      "actors in bad bear suits enact a sort of inter-species parody of a vh1 behind the music episode",
      "is both a snore and utter tripe",
      ", uneven action comedy",
      "laced with liberal doses of dark humor , gorgeous exterior photography , and a stable-full of solid performances , no such thing is a fascinating little tale .",
      "emerges as a surprisingly anemic disappointment",
      "you are likely to witness in a movie theater for some time",
      "surprisingly touching",
      "the greatest musicians",
      "infuses it into a rustic , realistic , and altogether creepy tale of hidden invasion",
      "african american professionals",
      "style and flash",
      "for its rather slow beginning",
      ", remote , emotionally distant piece",
      "equals the original and in some ways even betters it",
      "was being attempted here that stubbornly refused to gel",
      "for most movies , 84 minutes is short , but",
      "pass for a thirteen-year-old 's book report",
      ", the film would be a total washout .",
      "a disaster of a story , full of holes and completely lacking in chills",
      "goofy pleasure",
      ", this quietly lyrical tale probes the ambiguous welcome extended by iran to the afghani refugees who streamed across its borders , desperate for work and food .",
      "you turn stupid",
      "the problem , amazingly enough , is the screenplay .",
      "the film has an infectious enthusiasm and we 're touched by the film 's conviction that all life centered on that place , that time and that sport",
      "that such a talented director as chen kaige",
      "be made on the cheap",
      "be tried as a war criminal",
      ", despite downplaying her good looks , carries a little too much ai n't - she-cute baggage into her lead role as a troubled and determined homicide cop to quite pull off the heavy stuff .",
      "about how good it all was , and started doing nothing but reacting to it - feeling a part of its grand locations , thinking urgently as the protagonists struggled , feeling at the mercy of its inventiveness , gasping at its visual delights",
      "his fake backdrops",
      "too stagey , talky",
      "can both maintain and dismantle the facades that his genre and his character construct is a wonderous accomplishment of veracity and narrative grace",
      "is deadly dull",
      "make ` cherish ' a very good ( but not great ) movie",
      "the slow parade of human frailty fascinates you",
      "the talents of his top-notch creative team",
      "witty , vibrant , and intelligent .",
      "annoying rather than charming",
      "a worthwhile moviegoing experience",
      "a great film noir",
      "at a snail 's pace",
      "every bad action-movie line",
      "' dwells on crossing-over mumbo jumbo , manipulative sentimentality , and sappy dialogue .",
      "satisfying",
      "like `` horrible '' and `` terrible",
      "offers an aids subtext , skims over the realities of gay sex ,",
      "a compelling story of musical passion against governmental odds .",
      "it would be better as a diary or documentary",
      "the last days",
      "( and fairly unbelievable ) finale",
      "impressive talent",
      "dilutes the pleasure of watching them",
      "that it 's too close to real life to make sense",
      "not quite as miraculous as its dreamworks makers would have you believe , but it more than adequately fills the eyes and stirs the emotions .",
      "despite modest aspirations its occasional charms are not to be dismissed .",
      "friendship ,",
      "instead of a witty expose on the banality and hypocrisy of too much kid-vid , we get an ugly , mean-spirited lashing out by an adult who 's apparently been forced by his kids to watch too many barney videos .",
      "if you 're a fan of the series you 'll love it and probably want to see it twice .",
      ", ultimate x is the gabbiest giant-screen movie ever , bogging down in a barrage of hype .",
      "proof of that on the cinematic front , look no further than this 20th anniversary edition of the film that spielberg calls",
      "in other words , about as bad a film you 're likely to see all year .",
      "is an actress works as well as it does because ( the leads ) are such a companionable couple .",
      "is this so boring",
      "the heroes of horror movies try to avoid",
      "suspenseful",
      "written , flatly , by david kendall and directed , barely , by there 's something about mary co-writer ed decter .",
      "is impressive",
      "is nothing distinguishing in a randall wallace film",
      "polished and vastly entertaining",
      "manages to accomplish what few sequels can -- it equals the original and in some ways even betters it",
      "colorful , vibrant introduction",
      "off the page , and for the memorable character creations",
      "might to resist , if you 've got a place in your heart for smokey robinson",
      "can only encourage us to see samira makhmalbaf as a very distinctive sensibility , working to develop her own film language with conspicuous success",
      "'s because relatively nothing happens",
      "could easily be called the best korean film of 2002",
      ", wit and interesting characters",
      "nearly all the fundamentals you take for granted in most films are mishandled here .",
      "inferior level",
      "pathetic exploitation film",
      "underneath such a mountain of clichés and borrowed images",
      "psychologically revealing",
      "it just did n't mean much to me and played too skewed to ever get a hold on ( or be entertained by ) .",
      "vein",
      "seems so larger than life and yet so fragile",
      "it is an engaging and exciting narrative of man confronting the demons of his own fear and paranoia",
      "the heat of the moment prevails .",
      "the laramie project is worthwhile for reminding us that this sort of thing does , in fact , still happen in america",
      "the direction occasionally rises to the level of marginal competence , but for most of the film it is hard to tell who is chasing who or why",
      "the fact that the film idiotically uses the website feardotcom.com or the improperly hammy performance from poor stephen rea",
      "pyrotechnics its punchy style promises",
      "gets the job done .",
      "not only a pianist , but a good human being",
      "is too much like a fragment of an underdone potato .",
      "that graze the funny bone",
      "for two directors with far less endearing disabilities",
      "not falling into the hollywood trap and making a vanity project with nothing new to offer",
      ", others will find their humor-seeking dollars best spent elsewhere .",
      "there 's something poignant about an artist of 90-plus years taking the effort to share his impressions of life and loss and time and art with us .",
      ", solid , kinetically-charged spy flick worthy",
      "for no apparent reason except",
      "even when it drags , we are forced to reflect that its visual imagination is breathtaking",
      "a stylish but steady , and ultimately very satisfying , piece of character-driven storytelling",
      "visual virtues",
      "in world cinema",
      "disguise the fact that the new film is a lame kiddie flick and that carvey 's considerable talents are wasted in it",
      "with a wonderful ensemble cast of characters that bring the routine day to day struggles of the working class to life",
      "rated eee for excitement .",
      "the film a celluloid litmus test for the intellectual and emotional pedigree of your date and a giant step backward for a director i admire",
      "... a series of tales told with the intricate preciseness of the best short story writing .",
      "by no means a slam-dunk and sure to ultimately disappoint the action fans who will be moved to the edge of their seats by the dynamic first act",
      "of moviegoers for real characters and compelling plots",
      "who have carved their own comfortable niche in the world",
      "to address his own world war ii experience in his signature style",
      "fun and funny in the middle , though somewhat less",
      "high-concept films",
      "enjoy seeing how both evolve",
      "'s like rocky and bullwinkle on speed",
      "understated piece of filmmaking",
      "increasingly implausible as it races",
      ", the film gets added disdain for the fact that it is nearly impossible to look at or understand .",
      "dazzling , remarkably unpretentious reminder",
      "more ambivalent set",
      "still fun and enjoyable",
      "a crowd-pleaser , but then ,",
      "that freshly considers arguments the bard 's immortal plays",
      "felt performances across the board .",
      "do n't blame eddie murphy but",
      "whimsical and relevant today",
      "that underscore the importance of family tradition and familial community",
      "see her esther blossom as an actress ,",
      "really , really stupid",
      "'' derrida is an undeniably fascinating and playful fellow .",
      "sci-fi .",
      "be ( assayas ' ) homage to the gallic ` tradition of quality ,",
      "sleep-inducing",
      "served with a hack script",
      "a very good viewing alternative",
      "an incredibly thoughtful , deeply meditative picture",
      "the movie 's captivating details are all in the performances , from foreman 's barking-mad taylor to thewlis 's smoothly sinister freddie and bettany/mcdowell 's hard-eyed gangster .",
      "wannabe .",
      "'s rarely as moronic as some campus gross-out films",
      "not a stereotype is omitted nor a cliché left unsaid .",
      "for granted in most films are mishandled here",
      "that really gives the film its oomph",
      "does its sensitive handling of some delicate subject matter",
      "is never any question of how things will turn out",
      "director randall wallace 's flag-waving war flick with a core of decency",
      "frustration from those",
      "conflict",
      "watchable by a bravura performance",
      "has much to recommend it",
      "` it 's painful to watch witherspoon 's talents wasting away inside unnecessary films like legally blonde and sweet home abomination , i mean , alabama . '",
      "the pitch-perfect forster",
      "a must-see for fans of thoughtful war films and those",
      "it 's a masterpeice .",
      "plenty of entertainment value",
      "with all the dysfunctional family dynamics one could wish for",
      "built for controversy",
      "a pretty decent kid-pleasing",
      "sorvino makes the princess seem smug and cartoonish",
      "seems uncertain whether it wants to be an acidic all-male all about eve or a lush , swooning melodrama in the intermezzo strain .",
      "tootsie knockoff .",
      "though the aboriginal aspect lends the ending an extraordinary poignancy , and the story",
      "spreads itself too thin ,",
      "gives human nature its unique feel",
      "the story , like ravel 's bolero , builds to a crescendo that encompasses many more paths than we started with .",
      "surprisingly funny movie",
      "collapses after 30 minutes into a slap-happy series",
      "death , especially",
      "unexpectedly insightful",
      "it makes for one of the most purely enjoyable and satisfying evenings at the movies i 've had in a while .",
      "by the time it 's done with us , mira nair 's new movie has its audience giddy with the delight of discovery ,",
      "men in black ii achieves ultimate insignificance --",
      "hmmm",
      "drama , conflict ,",
      "spider invasion comic chiller",
      "'s fairly lame , making it par for the course for disney sequels .",
      "exciting and well-paced",
      "( gulpilil ) is a commanding screen presence",
      "a strong and confident work which works so well for the first 89 minutes , but ends so horrendously confusing",
      "a more confused , less interesting and more sloppily",
      "have developed some taste",
      "little emotional resonance",
      "both heartbreaking and heartwarming ...",
      "a much better mother-daughter tale",
      "an engrossing portrait of a man whose engaging manner and flamboyant style made him a truly larger-than-life character",
      "impress about e.t.",
      "is a frighteningly fascinating contradiction",
      "illuminates what it means sometimes to be inside looking out , and at other times outside looking in .",
      "no foundation",
      ", touching , dramatically forceful , and beautifully shot",
      "rich tale",
      "from its sleazy moralizing",
      "too safe",
      "so much that one viewing ca n't possibly be enough",
      "that should appeal to anyone willing to succumb to it",
      "that gets under your skin",
      "has its rewards .",
      "soap-opera",
      "jams too many prefabricated story elements",
      "this alleged psychological thriller",
      "of the best films of the year",
      "oft-brilliant",
      "fascinating , unnerving examination",
      "... familiar and predictable , and 4/5ths of it might as well have come from a xerox machine rather than ( writer-director ) franc .",
      "i mind ugly",
      "has a sure hand",
      "unfortunately , that 's precisely what arthur dong 's family fundamentals does .",
      "with nothing but a savage garden music video on his resume",
      "mike white 's deft combination of serious subject matter and dark , funny humor make `` the good girl '' a film worth watching .",
      "american and european cinema has amassed a vast holocaust literature , but it is impossible to think of any film more challenging or depressing than the grey zone .",
      "will you feel after an 88-minute rip-off of the rock with action confined to slo-mo gun firing and random glass-shattering",
      "heavy with flabby rolls of typical toback machinations .",
      "the film lacks momentum and its position remains mostly undeterminable",
      "that stalls in its lackluster gear of emotional blandness",
      "if it chiefly inspires you to drive a little faster",
      "is they have a tendency to slip into hokum",
      "i thought the relationships were wonderful , the comedy was funny , and",
      "a solid , spooky entertainment worthy of the price of a ticket",
      "significantly better",
      "wrong hands",
      "cold , sterile and lacking any color or warmth",
      "you 're looking for an intelligent movie in which you can release your pent up anger",
      "of the whole dead-undead genre , who deserve more from a vampire pic than a few shrieky special effects",
      "to do justice to either effort in three hours of screen time",
      "it 's got all the familiar bruckheimer elements , and schumacher does probably as good a job as anyone at bringing off the hopkins/rock collision of acting styles and onscreen personas",
      "a film really has to be exceptional to justify a three hour running time , and",
      "the whole thing never existed",
      "before long , you 're desperate for the evening to end .",
      "politically charged",
      "liberal doses of dark humor , gorgeous exterior photography , and a stable-full of solid performances",
      "effort to share his impressions of life and loss and time and art with us",
      "shallow and dim-witted",
      "that it 's almost worth seeing because it 's so bad",
      "critical backlash",
      "what a reckless squandering",
      "it 's as if allen , at 66 , has stopped challenging himself .",
      "big-hearted and",
      "terror by suggestion , rather than the overuse of special effects",
      "sitting in the third row of the imax cinema at sydney 's darling harbour , but i sometimes felt as though i was in the tiny two seater plane that carried the giant camera around australia , sweeping and gliding , banking and hovering over some of the most not",
      "conjured up more coming-of-age stories than seem possible",
      "more evil than ever",
      "you feel fully embraced by this gentle comedy",
      "beloved-major",
      "admirable energy , full-bodied characterizations and narrative urgency",
      "willingness to wander into the dark areas of parent-child relationships without flinching",
      "be churlish to begrudge anyone for receiving whatever consolation that can be found in dragonfly",
      "it feels like unrealized potential",
      "intriguing",
      "evokes the blithe rebel fantasy with the kind of insouciance embedded in the sexy demise of james dean .",
      "hole-ridden plotting",
      "who , exactly , is fighting whom here",
      "shot in rich , shadowy black-and-white , devils chronicles",
      "brings to a spectacular completion one of the most complex , generous and subversive artworks of the last decade .",
      "consistency",
      "'s funniest and most likeable movie in years .",
      "knows everything and answers all questions , is visually smart , cleverly written , and nicely realized",
      "you 've actually spent time living in another community",
      "is neither amusing nor dramatic enough to sustain interest",
      "has a dashing and resourceful hero ; a lisping , reptilian villain ; big fights ; big hair ; lavish period scenery ; and a story just complicated enough to let you bask in your own cleverness as you figure it out .",
      "spirit is a visual treat , and",
      "brilliantly constructed work",
      "war movies",
      "wedding feels a bit anachronistic .",
      "both convincing and radiant",
      "a very good ( but not great ) movie",
      "does n't quite go the distance",
      "wisdom and emotion",
      "... a good film that must have baffled the folks in the marketing department .",
      "the movie slides downhill as soon as macho action conventions assert themselves .",
      ", mind-numbingly , indescribably bad",
      "a treatise on spirituality as well as a solid sci-fi thriller",
      "humble , teach and ultimately",
      "that even a story immersed in love , lust , and sin could n't keep my attention",
      ", it 's a lyrical endeavor .",
      "spielberg 's first real masterpiece",
      "stylish but steady , and ultimately very satisfying ,",
      "half-baked setups and",
      "worldly-wise and very funny script",
      "a revealing look",
      "cassavetes thinks he 's making dog day afternoon with a cause , but all he 's done is to reduce everything he touches to a shrill , didactic cartoon",
      "are simultaneously buried , drowned and smothered in the excesses of writer-director roger avary",
      "muddled , simplistic and more than a little pretentious .",
      "settles in and becomes compulsively watchable in a guilty-pleasure , daytime-drama sort of fashion .",
      "better suited to a night in the living room than a night at the movies",
      "unique feel",
      "a résumé loaded with credits like `` girl in bar # 3",
      "most wondrously gifted artists",
      "dog",
      "rambles aimlessly",
      "to please audiences who like movies that demand four hankies",
      "of the summer 's most pleasurable movies",
      "yes , but also intriguing and honorable ,",
      "particularly joyless , and",
      "so stupid",
      "ultimately it 's undone by a sloppy script",
      "this movie 's lack of ideas",
      "meaty subject",
      "elegant and eloquent ( meditation ) on death and that most elusive of passions , love .",
      "done , so primitive in technique ,",
      "fuddled about motives and context , which drains it of the dramatic substance that would shake us in our boots ( or cinema seats )",
      "imaginative kid 's movie",
      "an inuit masterpiece that will give you goosebumps as its uncanny tale of love , communal discord , and justice",
      "a heartbreakingly thoughtful minor classic , the work of a genuine and singular artist .",
      "fairly revealing",
      "gratify anyone who has ever suspected hollywood of being overrun by corrupt and hedonistic weasels",
      "about half of them are funny , a few are sexy and",
      "it 's sweet and fluffy at the time ,",
      "the year 's greatest adventure",
      "paid in full is remarkably engaging despite being noticeably derivative of goodfellas and at least a half dozen other trouble-in-the-ghetto flicks .",
      "grade",
      "that transcends culture and race",
      "has a bracing truth that 's refreshing after the phoniness of female-bonding pictures like divine secrets of the ya-ya sisterhood .",
      "while peppering the pages with memorable zingers",
      "than an autopsy , the movie",
      "of elephant feces",
      "'s hard to imagine anybody ever being `` in the mood '' to view a movie as harrowing and painful as the grey zone",
      "movie love",
      "do all three quite well ,",
      "because of its music or comic antics , but through the perverse pleasure of watching disney scrape the bottom of its own cracker barrel",
      "from a summer of teen-driven , toilet-humor codswallop",
      "every conceivable mistake a director could make in filming opera",
      ", the weight of water is oppressively heavy .",
      "the refugees able to look ahead and resist living in a past",
      "i had a dream that a smart comedy would come along to rescue me from a summer of teen-driven , toilet-humor codswallop ,",
      "accept it as life and go with its flow",
      "to lawrence 's over-indulgent tirade",
      "seem less of a trifle if ms. sugarman followed through on her defiance of the saccharine",
      "exquisite , unfakable sense",
      "striking",
      "at best and mind-destroying cinematic pollution",
      "second fiddle",
      "cold movie",
      "still fun and enjoyable and",
      "undramatic",
      "what 's not to like about a movie with a ` children 's ' song that includes the line ` my stepdad 's not mean , he 's just adjusting ' ?",
      "overly old-fashioned",
      "bogdanovich puts history in perspective",
      "every bit as imperious as katzenberg 's the prince of egypt from 1998 .",
      "occasionally flawed ,",
      "depressed",
      "any insight",
      "color and creativity",
      "mr. nelson has made a film that is an undeniably worthy and devastating experience .",
      "is so busy making reference to other films and trying to be other films that it fails to have a heart , mind or humor of its own",
      "laughs aplenty",
      "far-flung",
      "standout",
      "waster '",
      "is genial but never inspired , and little",
      "struggle furiously",
      "ends up being neither , and fails at both endeavors .",
      "'s not that funny",
      "surgeon mends",
      "vile enough",
      "undermined by the movie 's presentation , which is way too stagy",
      "only scratches the surface",
      "and your reward will be a thoughtful , emotional movie experience .",
      "ticks off kahlo 's lifetime milestones with the dutiful precision of a tax accountant",
      "a cheap thriller , a dumb comedy",
      "'d probably turn it off ,",
      "a fierce dance",
      "a snore and utter tripe",
      "uncanny ability to right itself precisely when you think it 's in danger of going wrong",
      "well-paced and",
      "usual worst",
      "off the hook is overlong and not well-acted , but credit writer-producer-director adam watstein with finishing it at all .",
      "creates a fluid and mesmerizing sequence of images to match the words of nijinsky 's diaries",
      "setting distracts",
      "five screenwriters are credited with the cliché-laden screenplay ; it seems as if each watered down the version of the one before .",
      "outshined",
      "a sincere performance",
      "jumps around with little logic or continuity , presenting backstage bytes of information that never amount to a satisfying complete picture of this particular , anciently demanding métier .",
      "a beautifully",
      "that the only rip off that we were aware of",
      "exciting documentary .",
      ", you 'll like promises .",
      "who might otherwise go unnoticed and underappreciated by music fans",
      "impassive a manner",
      "a dazzling , remarkably unpretentious reminder of what ( evans ) had , lost , and got back",
      "and satirical touches",
      "where people who have never picked a lock do so easily after a few tries and become expert fighters after a few weeks",
      "built-in audience",
      ", from the incongruous but chemically",
      "mobius strip",
      "joyous life",
      "directors abandon their scripts and go where the moment takes them",
      "the hook is the drama within the drama , as an unsolved murder and an unresolved moral conflict jockey for the spotlight .",
      "the perfect face to play a handsome blank yearning to find himself",
      "it is supremely unfunny and unentertaining to watch middle-age and",
      "is that it 's a rock-solid little genre picture",
      "good ear",
      "bright young men -- promising , talented , charismatic and tragically",
      "familiar , funny",
      "more outre aspects",
      "hate to tear your eyes away from the images long enough to read the subtitles",
      "a thoroughly awful movie",
      "falls to the floor with a sickening thud",
      "more of the same from taiwanese auteur tsai ming-liang , which is good news to anyone who 's fallen under the sweet , melancholy spell of this unique director 's previous films .",
      "roman polanski may have been born to make",
      "deftly setting off uproarious humor with an underlying seriousness that sneaks up on the viewer , providing an experience that is richer than anticipated .",
      "an unholy mess ,",
      "puts enough salt into the wounds of the tortured and self-conscious material",
      "a moving story",
      "a bland animated sequel",
      "that 's so sloppily written and cast that you can not believe anyone more central to the creation of bugsy than the caterer",
      "boasts enough funny dialogue and sharp characterizations to be mildly amusing .",
      "suspect that you 'll be as bored watching morvern callar as the characters are in it",
      "cutting hollywood satire",
      "the journey is such a mesmerizing one",
      "a good idea",
      "are relegated to the background -- a welcome step forward from the sally jesse raphael atmosphere of films like philadelphia and american beauty .",
      "snide and prejudice",
      "while centered on the life experiences of a particular theatrical family , this marvelous documentary touches -- ever so gracefully -- on the entire history of the yiddish theater , both in america and israel .",
      "unbalanced mixture",
      "just a string",
      "film to affirm love 's power to help people endure almost unimaginable horror",
      "too clumsy in key moments ... to make a big splash .",
      "engaging and intimate",
      "beautifully produced .",
      "nothing interesting in unfaithful",
      "the humor has point",
      "lack a strong-minded viewpoint , or a sense of humor .",
      "cold , nervy and memorable",
      "really cool bit",
      "a fantastically vital movie",
      "nothing wrong with performances here , but the whiney characters bugged me .",
      "the movie is n't painfully bad , something to be ` fully experienced ' ; it 's just tediously bad , something to be fully forgotten",
      "devolves into a laugh-free lecture",
      "it 's fitting that a movie as artificial and soulless as the country bears owes its genesis to an animatronic display at disneyland .",
      "if good-hearted",
      "by the ensemble cast , the flat dialogue by vincent r. nebrida or the gutless direction by laurice guillen",
      "is moody , oozing , chilling and heart-warming all at once",
      "grant is certainly amusing , but",
      ", purposeless",
      "their way around this movie directionless ,",
      "a very lively dream",
      "is akin to a reader 's digest condensed version of the source material",
      "than its fair share of saucy",
      "enters a realm where few non-porn films venture , and comes across as darkly funny , energetic , and surprisingly gentle .",
      "for making a florid biopic about mad queens , obsessive relationships , and rampant adultery so dull",
      "and in the best way",
      "she allows each character to confront their problems openly and honestly .",
      "coordinated his own dv poetry",
      "overwrought",
      "intimate , unguarded moments",
      "touched by the film 's conviction",
      "have no idea what in creation is going on",
      "of its oscar nomination",
      "this is n't a movie",
      "only surprise",
      "sentimental script",
      "occasion",
      "elicits strong performances from his cast",
      "i wanted more .",
      "that prevents them from firing on all cylinders",
      "also has humor and heart and very talented young actors",
      "carrying this wafer-thin movie",
      "career - kids = misery )",
      "a classic story",
      "complaining when a film clocks in around 90 minutes these days",
      "excruciatingly",
      "vulgar",
      "to think of any film more challenging or depressing than the grey zone",
      "does n't work because there is no foundation for it",
      "in a well-balanced fashion",
      "dying and loving",
      "tends to pile too many `` serious issues '' on its plate at times , yet",
      "as good",
      "beautiful paean",
      "this insufferable movie",
      "ian holm conquers france as an earthy napoleon",
      "a thoroughly awful movie -- dumb , narratively chaotic , visually sloppy ... a weird amalgam of ` the thing ' and a geriatric",
      "macabre and",
      "a sharp , amusing study of the cult of celebrity",
      "rich",
      "revolutionary spirit",
      "this is the kind of subject matter that could so easily have been fumbled by a lesser filmmaker ,",
      "mib ii is a movie that makes it possible for the viewer to doze off for a few minutes or make several runs to the concession stand and/or restroom and not feel as if he or she has missed anything .",
      "a little uneven to be the cat 's meow , but it 's good enough to be the purr",
      "a wartime farce in the alternately comic and",
      "the nerve to speak up",
      "covers this territory with wit and originality , suggesting that with his fourth feature",
      "a whale of a good time for both children and parents",
      "lucid work",
      "freaking out",
      "is the kind of movie during which you want to bang your head on the seat in front of you , at its cluelessness , at its idiocy , at its utterly misplaced earnestness",
      "the subtitles fool you",
      "casts its spooky net",
      "alienated",
      "was better",
      "is so rich with period minutiae",
      "her film is like a beautiful food entrée that is n't heated properly , so that it ends up a bit cold and relatively flavorless .",
      "is pretty funny",
      "well-rounded tribute",
      "... portrays young brendan with his usual intelligence and subtlety , not to mention a convincing brogue .",
      "take me back to a time",
      "this italian freakshow",
      "one of the best , most understated performances of ( jack nicholson 's ) career .",
      "then ends with a whimper",
      "plenty of laughs",
      "does n't leave you with much .",
      "a fascinating , unnerving examination of the delusions",
      "emotionally grand",
      "enjoy the ride",
      "terrific as nadia , a russian mail-order bride who comes to america speaking not a word of english",
      "alone , should scare any sane person away .",
      "and withholds delivery",
      ", so who knew charles dickens could be so light-hearted ?",
      "all the dramatic weight",
      "luminous interviews",
      "is less successful on other levels",
      "of musical passion",
      "at his 12th oscar nomination",
      "'s awfully entertaining",
      "a love story as sanguine as its title",
      "( i ) t 's certainly laudable that the movie deals with hot-button issues in a comedic context , but barbershop is n't as funny as it should be .",
      ", it 's awfully entertaining to watch .",
      "director david fincher and writer david koepp ca n't sustain it .",
      "me as unusually and unimpressively fussy",
      "victim to sloppy plotting ,",
      "bound to appeal to women looking for a howlingly trashy time",
      "this amiable picture",
      "he needs to pull his head out of his butt",
      "not only a reminder of how they used to make movies , but also how they sometimes still can be made .",
      "aimless as an old pickup skidding completely out of control on a long patch of black ice",
      "is nothing compared to the movie 's contrived , lame screenplay and listless direction",
      "it 's mildly interesting to ponder the peculiar american style of justice that plays out here , but",
      "laced",
      "the spectacle of small-town competition",
      "so exaggerated and broad",
      "funny and touching",
      "the film 's lamer instincts are in the saddle",
      "i do n't feel the least bit ashamed in admitting that my enjoyment came at the expense of seeing justice served , even if it 's a dish that 's best served cold .",
      "of faith",
      "is good all round , but what really sets the film apart is debrauwer 's refusal to push the easy emotional buttons",
      "added depth and resonance",
      "join the pantheon of great monster/science fiction flicks",
      "is a convincing one ,",
      "once again strands his superb performers in the same old story .",
      "it 's definitely not made for kids or their parents , for that matter",
      "outrageously creative action",
      "are both superb , while huppert ... is magnificent .",
      "bring a heart and reality that buoy the film , and at times , elevate it to a superior crime movie",
      "originality in ` life ' to distance it from the pack of paint-by-number romantic comedies",
      "funny ,",
      "a bad idea from frame one",
      "flatter",
      "the director had released the outtakes theatrically and used the film as a bonus feature on the dvd",
      "the picture runs a mere 84 minutes , but it 's no glance .",
      "this material could work , especially since the actresses in the lead roles are all more than competent",
      "through this sloppy , made-for-movie comedy special",
      "somewhat cumbersome",
      "astounding",
      "surprise us",
      "is painfully foolish in trying to hold onto what 's left of his passe ' chopsocky glory",
      "inspired '' was a lot funnier",
      "the story is bogus and",
      "held hostage",
      "a well-intentioned effort that 's still too burdened by the actor 's offbeat sensibilities for the earnest emotional core to emerge with any degree of accessibility .",
      "delightful comedy",
      "a formula that worked five years ago but has since lost its fizz",
      "cross swords with the best of them and helm a more traditionally plotted popcorn thriller while surrendering little of his intellectual rigor or creative composure",
      "never catches fire",
      "the script covers huge , heavy topics in a bland , surfacey way that does n't offer any insight into why , for instance , good things happen to bad people .",
      "and revolutionary spirit",
      "very very strong",
      "suitable",
      "is still quite good-natured and not a bad way to spend an hour or two .",
      "the action scenes are poorly delivered",
      "being neither",
      "proves a servicable world war ii drama that ca n't totally hide its contrivances , but it at least calls attention to a problem hollywood too long has ignored .",
      "far more often than the warfare",
      "... is at once playful and haunting , an in-depth portrait of an iconoclastic artist who was fundamentally unknowable even to his closest friends .",
      "engaging characters",
      "a rather brilliant little cult item : a pastiche of children 's entertainment , superhero comics , and japanese animation",
      "sexual and romantic",
      "'s hard to resist",
      "as brave and challenging",
      "a party-hearty teen flick that scalds like acid .",
      "little less bling-bling",
      "whiney",
      "crude and unrelentingly exploitative",
      ", sometimes beautiful adaptation",
      "necessary and timely",
      "teddy bears ' picnic ranks",
      "worshipful",
      "exploitative for the art houses and too cynical",
      "volletta wallace 's maternal fury",
      "worth seeing at least once",
      "remains surprisingly idealistic",
      "we hate ( madonna ) within the film 's first five minutes ,",
      "scorsese 's mean streets redone by someone who ignored it in favor of old ` juvenile delinquent ' paperbacks with titles like leather warriors and switchblade sexpot",
      "to give blade fans another look at wesley snipes ' iconic hero doing battle with dozens of bad guys -- at once",
      "are ...",
      "great scares and",
      "that they 're stuck with a script that prevents them from firing on all cylinders",
      "that tears welled up in my eyes both times",
      "to say about the ways in which extravagant chance can distort our perspective and throw us off the path of good sense",
      "the movie is almost completely lacking in suspense , surprise and consistent emotional conviction .",
      "claims to sort the bad guys from the good , which is its essential problem .",
      "friendship , love , and",
      "visually breathtaking",
      "take nothing seriously and enjoy the ride",
      "two not very absorbing characters are engaged in a romance",
      "little more than preliminary notes for a science-fiction horror film",
      "make a pretty good team",
      "fails in making this character understandable , in getting under her skin , in exploring motivation ... well before the end",
      "lives up to the stories and faces and music of the men who are its subject .",
      "'s at once laughable and compulsively watchable ,",
      "it feels more like the pilot episode of a tv series than a feature film",
      "to change hackneyed concepts when it comes to dreaming up romantic comedies",
      "moving story",
      "useless actioners",
      "it deserves to be seen everywhere .",
      "the guy-in-a-dress genre",
      "love this movie",
      "a mix of gritty realism , crisp storytelling and radiant compassion that effortlessly draws you in",
      "stiff or just plain bad",
      "the filmmaking clumsy and rushed",
      "is an exercise in chilling style , and twohy films the sub , inside and out , with an eye on preserving a sense of mystery .",
      "slow and ponderous , but rohmer 's drama builds to an intense indoor drama about compassion , sacrifice , and christian love in the face of political corruption .",
      "a dull , inconsistent , dishonest female bonding picture .",
      "to make such a worthless film",
      "buy is an accomplished actress , and",
      "live-action cartoon",
      "the picture is so lovely toward the end",
      "bewilderingly brilliant and entertaining",
      "an effective portrait",
      "grade-school audience",
      "strangely funny",
      "just a simple fable done in an artless sytle ,",
      "by taking your expectations and twisting them just a bit",
      "like done-to-death material",
      "is as blasphemous and nonsensical as a luis buñuel film",
      "to be a compelling",
      "has n't escaped the rut dug by the last one",
      "we never truly come to care about the main characters and whether or not they 'll wind up together , and michele 's spiritual quest is neither amusing nor dramatic enough to sustain interest",
      "demonstrates a vivid imagination and an impressive style",
      "amazing",
      "wall",
      "chatty fish",
      "'s no point in extracting the bare bones of byatt 's plot for purposes of bland hollywood romance",
      "unacceptable",
      "macdowell ... gives give a solid , anguished performance that eclipses nearly everything else she 's ever done .",
      "thriller `` new best friend ''",
      "caruso sometimes descends into sub-tarantino cuteness ... but for the most part he makes sure the salton sea works the way a good noir should , keeping it tight and nasty .",
      "an excuse",
      "when you 're a struggling nobody",
      "just another situation romance",
      "some movies suck you in despite their flaws ,",
      "crafted but ultimately hollow mockumentary",
      "is easily",
      "with a large cast representing a broad cross-section , tavernier 's film bounds along with the rat-a-tat energy of `` his girl friday , '' maintaining a light touch while tackling serious themes .",
      "the adventures that happen along the way seem repetitive and designed to fill time , providing no real sense of suspense",
      "a valiant attempt to tell a story about the vietnam war before the pathology set in",
      "because it was particularly funny",
      "an inspiring tale of survival wrapped in the heart-pounding suspense of a stylish psychological thriller",
      ", kissing jessica stein injects freshness and spirit into the romantic comedy genre , which has been held hostage by generic scripts that seek to remake sleepless in seattle again and again .",
      "permeates all its aspects -- from the tv movie-esque , affected child acting to the dullest irish pub scenes ever filmed",
      "spousal abuse",
      "is leguizamo 's best movie work so far , a subtle and richly internalized performance",
      "'s actually watchable",
      "the triumph",
      "worldly-wise and very funny",
      "both a beautifully made nature film and a tribute to a woman whose passion for this region and its inhabitants still shines in her quiet blue eyes .",
      "of the road , where the thematic ironies are too obvious and the sexual politics too smug",
      "are clinically depressed and have abandoned their slim hopes and dreams",
      "toback 's deranged immediacy makes it seem fresh again .",
      "many can aspire but none can equal",
      "watching it leaves you giddy",
      "soulless techno-tripe",
      "be the cat 's meow",
      "dated and unfunny",
      "this too-long , spoofy update",
      "irwin is so earnest that it 's hard to resist his pleas to spare wildlife and respect their environs .",
      "i thought i heard a mysterious voice , and felt myself powerfully drawn toward the light -- the light of the exit sign .",
      "on the young woman 's infirmity and her naive dreams",
      "to be liberating",
      "a teenage boy out there somewhere who 's dying for this kind of entertainment",
      ", pinocchio never quite achieves the feel of a fanciful motion picture .",
      "a sincerely crafted picture",
      "students that deals with first love sweetly but also seriously .",
      "be probing why a guy with his talent ended up in a movie this bad",
      "turmoil",
      "not scarier",
      "found myself strangely moved by even the corniest and most hackneyed contrivances .",
      "this ludicrous film",
      "the magic that made it all work",
      "modern art",
      ", unassuming , subordinate",
      "so horrendously confusing",
      "not only does the thoroughly formulaic film represent totally exemplify middle-of-the-road mainstream , it also represents glossy hollywood at its laziest .",
      "present an unflinching look",
      "delivers roughly equal amounts of beautiful movement and inside information .",
      "kitschy goodwill",
      "this frozen tundra soap opera",
      "fails to fulfill its own ambitious goals",
      "achieving some honest insight into relationships that most high-concept films candy-coat with pat storylines , precious circumstances and beautiful stars",
      "cruel story",
      "is a just a waste",
      "that the german film industry can not make a delightful comedy centering on food",
      "uncompromising film",
      "cold-hearted",
      "acquires an undeniable entertainment value as the slight , pale mr. broomfield continues to force himself on people and into situations that would make lesser men run for cover",
      "parents beware ; this is downright movie penance",
      "to keep you at the edge of your seat with its shape-shifting perils , political intrigue and brushes with calamity",
      "includes battlefield earth and showgirls",
      "oodles of charm",
      "as pedestrian as they come .",
      "this director 's cut -- which adds 51 minutes -- takes a great film and turns it into a mundane soap opera .",
      "essentially ruined -- or , rather ,",
      "ditsy",
      "it quickly enters the pantheon of wreckage that includes battlefield earth and showgirls",
      "a pale imitation",
      "gleefully",
      "( t ) his slop",
      "focusing on eccentricity but failing , ultimately , to make something bigger out of its scrapbook of oddballs",
      "anybody who enjoys quirky , fun , popcorn movies with a touch of silliness and a little bloodshed .",
      "in narcissism and self-congratulation disguised as a tribute",
      "mind-numbing indifference",
      "filming the teeming life on the reefs",
      "recite some of this laughable dialogue",
      "scene the impressively discreet filmmakers may have expected to record with their mini dv",
      "a quaint , romanticized rendering",
      "pokes , provokes , takes expressionistic license",
      "will likely set the cause of woman warriors back decades",
      "it 's definitely not made for kids or their parents , for that matter , and i think even fans of sandler 's comic taste may find it uninteresting",
      "at an idea that should 've been so much more even if it was only made for teenage boys and wrestling fans",
      "far too clever by half , howard 's film is really a series of strung-together moments , with all the spaces in between filled with fantasies , daydreams , memories and one fantastic visual trope after another .",
      "sounds like another clever if pointless excursion into the abyss",
      "its true-to-life characters , its sensitive acting , its unadorned view of rural life and the subtle direction of first-timer hilary birmingham",
      "breathes extraordinary life into the private existence of the inuit people",
      "another wholly unnecessary addition to the growing , moldering pile of , well , extreme stunt",
      "philosophers , not filmmakers",
      "careless and unfocused",
      "unfortunately also",
      "in memory",
      "so boring that even its target audience talked all the way through it .",
      "should be commended for illustrating the merits of fighting hard for something that really matters .",
      "this is a superior horror flick .",
      "a mesmerizing cinematic poem from the first frame to the last .",
      "remove spider-man the movie from its red herring surroundings and it 's apparent that this is one summer film that satisfies .",
      "nothing can detract from the affection of that moral favorite : friends will be friends through thick and thin",
      "mention `` solaris '' five years from now and i 'm sure those who saw it will have an opinion to share .",
      "pained",
      "the dialogue and drama often food-spittingly funny",
      "lend some dignity to a dumb story",
      "a burst of color , music , and dance that only the most practiced curmudgeon could fail to crack a smile at .",
      "does seem pretty unbelievable at times",
      "if it had been only half-an-hour long or a tv special , the humor would have been fast and furious -- at ninety minutes , it drags",
      "slice of comedic bliss",
      "motivated by nothing",
      "clear-eyed chronicle",
      "our culture is headed down the toilet with the ferocity of a frozen burrito after an all-night tequila bender -- and",
      "show-stoppingly hilarious , but scathingly witty",
      "make gangster no. 1 a worthwhile moviegoing experience .",
      "( lee ) treats his audience the same way that jim brown treats his women -- as dumb , credulous , unassuming , subordinate subjects .",
      "have the best of both worlds",
      "does not make for much of a movie .",
      "that ca n't get sufficient distance from leroy 's",
      "anyone who has ever suspected hollywood of being overrun by corrupt and hedonistic weasels",
      "it does n't give a damn",
      "bloody beauty as vivid",
      "(",
      "is impressive for the sights and sounds of the wondrous beats the world has to offer",